{"cameraMode":{"drawMode":0,"name":"Shaded","section":"Shading Mode"},"sceneLighting":true,"audioPlay":false,"sceneViewState":{"showFog":true,"showMaterialUpdate":true,"showSkybox":false,"showFlares":true,"showImageEffects":true,"showParticleSystems":true},"in2DMode":false,"pivot":{"x":0.09171944856643677,"y":2.472564220428467,"z":-1.801905632019043},"rotation":{"x":0.014766977168619633,"y":0.982731282711029,"z":-0.16092677414417268,"w":0.090476855635643},"size":2.7736172676086427,"orthographic":false}