{"cameraMode":{"drawMode":0,"name":"Shaded","section":"Shading Mode"},"sceneLighting":true,"audioPlay":false,"sceneViewState":{"showFog":true,"showMaterialUpdate":true,"showSkybox":false,"showFlares":true,"showImageEffects":true,"showParticleSystems":true},"in2DMode":false,"pivot":{"x":0.44750040769577029,"y":1.972463846206665,"z":1.5589359998703004},"rotation":{"x":-0.11406592279672623,"y":-0.8519072532653809,"z":0.46685948967933657,"w":-0.20823249220848084},"size":1.5073950290679932,"orthographic":false}